"River Basin District","Management Catchment","Operational Catchment","water body","Water body id","Water body type","Classification Year","Cycle","Classification Status","Classification Level","Classification Element","Category","Category Certainty","Reason type","Business Sector","Swmi","Swmi Certainty","Activity","Activity Certainty","Pressure Tier 1","Pressure Tier 2","Id","Rnag URL","Pressure Tier 3","National Swmi Header","Investigation outcome"
"Dee","Dee","Ceiriog","Shell Brook","GB111067051930","River","2016","2","Does Not Support Good","Element","Hydrological Regime","Water Industry","Probable","RFF","Water supply","Flow","Confirmed","Groundwater abstraction","Probable","","","531797","http://environment.data.gov.uk/catchment-planning/ReasonsForNotAchievingGood/531797","Abstraction and flow","Changes to the natural flow and levels of water",""
"Dee","Dee","Ceiriog","Shell Brook","GB111067051930","River","2016","2","Does Not Support Good","Element","Hydrological Regime","Water Industry","Probable","RFD","Water supply","Flow","Confirmed","Groundwater abstraction","Probable","","","531799","http://environment.data.gov.uk/catchment-planning/ReasonsForNotAchievingGood/531799","Abstraction and flow","Changes to the natural flow and levels of water",""
"Dee","Dee","Ceiriog","Shell Brook","GB111067051930","River","2013","2","Poor","Element","Phosphate","Agriculture and rural land management","Probable","RFF","Agriculture - Livestock","Diffuse source","Probable","Livestock","Probable","","","491811","http://environment.data.gov.uk/catchment-planning/ReasonsForNotAchievingGood/491811","Phosphate","Pollution from rural areas",""
"Dee","Dee","Ceiriog","Shell Brook","GB111067051930","River","2013","2","Moderate","Element","Ammonia (Phys-Chem)","Agriculture and rural land management","Probable","RFF","Agriculture - Livestock","Diffuse source","Probable","Livestock","Probable","","","516350","http://environment.data.gov.uk/catchment-planning/ReasonsForNotAchievingGood/516350","Ammonia","Pollution from rural areas",""
"Dee","Dee","Ceiriog","Shell Brook","GB111067051930","River","2013","2","Poor","Element","Fish","No sector responsible","Not applicable","RFF","Not applicable","Natural","Confirmed","Barriers - ecological discontinuity","Confirmed","Morphology","Not applicable","491689","http://environment.data.gov.uk/catchment-planning/ReasonsForNotAchievingGood/491689","Physical modification","Natural conditions",""
"Dee","Dee","Ceiriog","Shell Brook","GB111067051930","River","2013","2","Poor","Element","Fish","Agriculture and rural land management","Probable","RFF","Agriculture - Livestock","Diffuse source","Probable","Livestock","Probable","Sediment","Not applicable","491690","http://environment.data.gov.uk/catchment-planning/ReasonsForNotAchievingGood/491690","Fine sediment","Pollution from rural areas",""
"Dee","Dee","Ceiriog","Morlas Brook","GB111067051600","River","2016","2","Does Not Support Good","Element","Hydrological Regime","Water Industry","Probable","RFF","Water supply","Flow","Confirmed","Groundwater abstraction","Probable","","","531795","http://environment.data.gov.uk/catchment-planning/ReasonsForNotAchievingGood/531795","Abstraction and flow","Changes to the natural flow and levels of water",""
"Dee","Dee","Dee Estuary","Finchetts Gutter","GB111067056930","River","2013","2","Moderate or less","Element","Mitigation Measures Assessment","Local and Central Government","Confirmed","RFF","Not applicable","Physical modification","Confirmed","Other (not in list, must add details in comments)","Confirmed","Flood protection","","480054","http://environment.data.gov.uk/catchment-planning/ReasonsForNotAchievingGood/480054","Physical modification","Physical modifications",""
"Dee","Dee","Dee Estuary","Finchetts Gutter","GB111067056930","River","2015","2","Poor","Element","Invertebrates","Agriculture and rural land management","Suspected","RFF","Agriculture - Livestock","Diffuse source","Probable","Livestock","Suspected","Other (not in list)","Not applicable","513365","http://environment.data.gov.uk/catchment-planning/ReasonsForNotAchievingGood/513365","Other","Pollution from rural areas",""
"Dee","Dee","Dee Estuary","Finchetts Gutter","GB111067056930","River","2016","2","Moderate","Element","Macrophytes and Phytobenthos Combined","Agriculture and rural land management","Suspected","RFF","Agriculture - Livestock","Diffuse source","Suspected","Poor soil management","Suspected","Nutrients","Phosphate","533687","http://environment.data.gov.uk/catchment-planning/ReasonsForNotAchievingGood/533687","Phosphate","",""
"Dee","Dee","Dee Estuary","Finchetts Gutter","GB111067056930","River","2016","2","Moderate","Element","Macrophytes and Phytobenthos Combined","Agriculture and rural land management","Probable","RFF","Agriculture - Livestock","Diffuse source","Probable","Livestock","Probable","Nutrients","Phosphate","533682","http://environment.data.gov.uk/catchment-planning/ReasonsForNotAchievingGood/533682","Phosphate","Pollution from rural areas",""
"Dee","Dee","Dee Estuary","Finchetts Gutter","GB111067056930","River","2016","2","Moderate","Element","Macrophytes and Phytobenthos Combined","Agriculture and rural land management","Suspected","RFF","Agriculture - Livestock","Diffuse source","Suspected","Poor nutrient management","Suspected","Other (not in list)","Not applicable","533684","http://environment.data.gov.uk/catchment-planning/ReasonsForNotAchievingGood/533684","Other","",""
"Dee","Dee","Dee Estuary","Finchetts Gutter","GB111067056930","River","2016","2","Moderate","Element","Macrophytes and Phytobenthos Combined","Agriculture and rural land management","Suspected","RFF","Agriculture - Arable","Point source","Suspected","Farm/site infrastructure","Suspected","Nutrients","Phosphate","533690","http://environment.data.gov.uk/catchment-planning/ReasonsForNotAchievingGood/533690","Phosphate","",""
"Dee","Dee","Dee Estuary","Finchetts Gutter","GB111067056930","River","2016","2","Moderate","Element","Macrophytes and Phytobenthos Combined","Domestic General Public","Suspected","RFF","Domestic/General public","Point source","Suspected","Private Sewage Treatment","Suspected","Nutrients","Phosphate","533692","http://environment.data.gov.uk/catchment-planning/ReasonsForNotAchievingGood/533692","Phosphate","Pollution from waste water",""
"Dee","Dee","Dee Estuary","Finchetts Gutter","GB111067056930","River","2016","2","Moderate","Element","Macrophytes and Phytobenthos Combined","Urban and transport","Suspected","RFF","Urban","Diffuse source","Suspected","Urbanisation - urban development","Suspected","Nutrients","Phosphate","533695","http://environment.data.gov.uk/catchment-planning/ReasonsForNotAchievingGood/533695","Phosphate","",""
"Dee","Dee","Dee Estuary","Finchetts Gutter","GB111067056930","River","2016","2","Moderate","Element","Macrophytes and Phytobenthos Combined","Domestic General Public","Probable","RFF","Not applicable","Point source","Probable","Misconnections","Probable","Nutrients","Phosphate","533697","http://environment.data.gov.uk/catchment-planning/ReasonsForNotAchievingGood/533697","Phosphate","",""
"Dee","Dee","Dee Estuary","Finchetts Gutter","GB111067056930","River","2016","2","Does Not Support Good","Element","Hydrological Regime","Sector under investigation","Not applicable","RFF","Not applicable","Flow","Suspected","Unknown (pending investigation)","Not applicable","","","532168","http://environment.data.gov.uk/catchment-planning/ReasonsForNotAchievingGood/532168","Abstraction and flow","Changes to the natural flow and levels of water",""
"Dee","Dee","Dee Estuary","Finchetts Gutter","GB111067056930","River","2015","2","Poor","Element","Invertebrates","Agriculture and rural land management","Suspected","RFF","Agriculture - Livestock","Diffuse source","Suspected","Poor nutrient management","Suspected","Other (not in list)","Not applicable","533683","http://environment.data.gov.uk/catchment-planning/ReasonsForNotAchievingGood/533683","Other","",""
"Dee","Dee","Dee Estuary","Finchetts Gutter","GB111067056930","River","2015","2","Poor","Element","Phosphate","Urban and transport","Suspected","RFF","Urban","Diffuse source","Suspected","Urbanisation - urban development","Suspected","","","532109","http://environment.data.gov.uk/catchment-planning/ReasonsForNotAchievingGood/532109","Phosphate","",""
"Dee","Dee","Dee Estuary","Finchetts Gutter","GB111067056930","River","2015","2","Poor","Element","Phosphate","Agriculture and rural land management","Probable","RFF","Agriculture - Livestock","Diffuse source","Probable","Livestock","Probable","","","513369","http://environment.data.gov.uk/catchment-planning/ReasonsForNotAchievingGood/513369","Phosphate","Pollution from rural areas",""
"Dee","Dee","Dee Estuary","Finchetts Gutter","GB111067056930","River","2015","2","Poor","Element","Phosphate","Agriculture and rural land management","Suspected","RFF","Agriculture - Livestock","Diffuse source","Suspected","Poor soil management","Suspected","","","533688","http://environment.data.gov.uk/catchment-planning/ReasonsForNotAchievingGood/533688","Phosphate","",""
"Dee","Dee","Dee Estuary","Finchetts Gutter","GB111067056930","River","2015","2","Poor","Element","Phosphate","Agriculture and rural land management","Suspected","RFF","Agriculture - Arable","Point source","Suspected","Farm/site infrastructure","Suspected","","","533691","http://environment.data.gov.uk/catchment-planning/ReasonsForNotAchievingGood/533691","Phosphate","",""
"Dee","Dee","Dee Estuary","Finchetts Gutter","GB111067056930","River","2015","2","Poor","Element","Phosphate","Domestic General Public","Suspected","RFF","Domestic/General public","Point source","Suspected","Private Sewage Treatment","Suspected","","","533693","http://environment.data.gov.uk/catchment-planning/ReasonsForNotAchievingGood/533693","Phosphate","Pollution from waste water",""
"Dee","Dee","Dee Estuary","Finchetts Gutter","GB111067056930","River","2015","2","Poor","Element","Phosphate","Agriculture and rural land management","Suspected","RFF","Agriculture - Livestock","Diffuse source","Suspected","Poor nutrient management","Suspected","","","533685","http://environment.data.gov.uk/catchment-planning/ReasonsForNotAchievingGood/533685","Phosphate","",""
"Dee","Dee","Dee Estuary","Finchetts Gutter","GB111067056930","River","2015","2","Poor","Element","Phosphate","Domestic General Public","Probable","RFF","Not applicable","Point source","Probable","Misconnections","Probable","","","533698","http://environment.data.gov.uk/catchment-planning/ReasonsForNotAchievingGood/533698","Phosphate","",""
"Dee","Dee","Dee Estuary","Finchetts Gutter","GB111067056930","River","2015","2","Poor","Element","Invertebrates","Agriculture and rural land management","Suspected","RFF","Agriculture - Livestock","Diffuse source","Suspected","Poor soil management","Suspected","Other (not in list)","Not applicable","533686","http://environment.data.gov.uk/catchment-planning/ReasonsForNotAchievingGood/533686","Other","",""
"Dee","Dee","Dee Estuary","Finchetts Gutter","GB111067056930","River","2015","2","Poor","Element","Invertebrates","Agriculture and rural land management","Suspected","RFF","Agriculture - Arable","Point source","Suspected","Farm/site infrastructure","Suspected","Other (not in list)","Not applicable","533689","http://environment.data.gov.uk/catchment-planning/ReasonsForNotAchievingGood/533689","Other","",""
"Dee","Dee","Dee Estuary","Finchetts Gutter","GB111067056930","River","2015","2","Poor","Element","Invertebrates","Urban and transport","Probable","RFF","Not applicable","Physical modification","Probable","Flood protection - structures","Probable","Morphology","Not applicable","513373","http://environment.data.gov.uk/catchment-planning/ReasonsForNotAchievingGood/513373","Physical modification","Physical modifications",""
"Dee","Dee","Dee Estuary","Finchetts Gutter","GB111067056930","River","2015","2","Poor","Element","Invertebrates","Urban and transport","Probable","RFF","Urban","Point source","Probable","Private Sewage Treatment","Probable","Ammonia","Not applicable","513374","http://environment.data.gov.uk/catchment-planning/ReasonsForNotAchievingGood/513374","Ammonia","Pollution from waste water",""
"Dee","Dee","Dee Estuary","Finchetts Gutter","GB111067056930","River","2015","2","Poor","Element","Invertebrates","Urban and transport","Suspected","RFF","Urban","Point source","Suspected","Private Sewage Treatment","Suspected","BOD","Not applicable","513376","http://environment.data.gov.uk/catchment-planning/ReasonsForNotAchievingGood/513376","Biochemical Oxygen Demand (BOD)","Pollution from waste water",""
"Dee","Dee","Dee Estuary","Finchetts Gutter","GB111067056930","River","2015","2","Poor","Element","Invertebrates","Urban and transport","Suspected","RFF","Urban","Diffuse source","Suspected","Urbanisation - urban development","Suspected","Other (not in list)","Not applicable","533694","http://environment.data.gov.uk/catchment-planning/ReasonsForNotAchievingGood/533694","Other","",""
"Dee","Dee","Dee Estuary","Finchetts Gutter","GB111067056930","River","2015","2","Poor","Element","Invertebrates","Domestic General Public","Suspected","RFF","Not applicable","Point source","Suspected","Misconnections","Suspected","Other (not in list)","Not applicable","533696","http://environment.data.gov.uk/catchment-planning/ReasonsForNotAchievingGood/533696","Other","",""
"Dee","Dee","Dee Estuary","Shotwick Brook","GB111067056960","River","2015","2","Bad","Element","Phosphate","Urban and transport","Suspected","RFF","Urban","Point source","Suspected","Private Sewage Treatment","Suspected","","","519513","http://environment.data.gov.uk/catchment-planning/ReasonsForNotAchievingGood/519513","Phosphate","Pollution from waste water",""
"Dee","Dee","Dee Estuary","Shotwick Brook","GB111067056960","River","2015","2","Bad","Element","Phosphate","Agriculture and rural land management","Probable","RFF","Agriculture - Livestock","Point source","Probable","Farm/site infrastructure","Probable","","","533731","http://environment.data.gov.uk/catchment-planning/ReasonsForNotAchievingGood/533731","Phosphate","",""
"Dee","Dee","Dee Estuary","Shotwick Brook","GB111067056960","River","2015","2","Bad","Element","Invertebrates","Agriculture and rural land management","Probable","RFF","Agriculture - Livestock","Diffuse source","Probable","Riparian/in-river activities (inc bankside erosion)","Probable","Other (not in list)","Not applicable","533734","http://environment.data.gov.uk/catchment-planning/ReasonsForNotAchievingGood/533734","Other","Pollution from rural areas",""
"Dee","Dee","Dee Estuary","Shotwick Brook","GB111067056960","River","2015","2","Bad","Element","Dissolved oxygen","Domestic General Public","Suspected","RFF","Domestic/General public","Point source","Suspected","Private Sewage Treatment","Suspected","","","533716","http://environment.data.gov.uk/catchment-planning/ReasonsForNotAchievingGood/533716","Dissolved oxygen (DO)","Pollution from waste water",""
"Dee","Dee","Dee Estuary","Shotwick Brook","GB111067056960","River","2015","2","Bad","Element","Ammonia (Phys-Chem)","Urban and transport","Probable","RFF","Urban","Diffuse source","Probable","Urbanisation - urban development","Probable","","","533735","http://environment.data.gov.uk/catchment-planning/ReasonsForNotAchievingGood/533735","Ammonia","",""
"Dee","Dee","Dee Estuary","Shotwick Brook","GB111067056960","River","2015","2","Bad","Element","Ammonia (Phys-Chem)","Agriculture and rural land management","Probable","RFF","Agriculture - Livestock","Diffuse source","Probable","Poor soil management","Probable","","","533717","http://environment.data.gov.uk/catchment-planning/ReasonsForNotAchievingGood/533717","Ammonia","",""
"Dee","Dee","Dee Estuary","Shotwick Brook","GB111067056960","River","2015","2","Bad","Element","Dissolved oxygen","Urban and transport","Probable","RFF","Urban","Diffuse source","Probable","Urbanisation - urban development","Probable","","","533736","http://environment.data.gov.uk/catchment-planning/ReasonsForNotAchievingGood/533736","Dissolved oxygen (DO)","",""
"Dee","Dee","Dee Estuary","Shotwick Brook","GB111067056960","River","2015","2","Bad","Element","Dissolved oxygen","Agriculture and rural land management","Probable","RFF","Agriculture - Livestock","Diffuse source","Probable","Poor soil management","Probable","","","533718","http://environment.data.gov.uk/catchment-planning/ReasonsForNotAchievingGood/533718","Dissolved oxygen (DO)","",""
"Dee","Dee","Dee Estuary","Shotwick Brook","GB111067056960","River","2015","2","Bad","Element","Invertebrates","Urban and transport","Probable","RFF","Urban","Diffuse source","Probable","Urbanisation - urban development","Probable","Other (not in list)","Not applicable","533737","http://environment.data.gov.uk/catchment-planning/ReasonsForNotAchievingGood/533737","Other","",""
"Dee","Dee","Dee Estuary","Shotwick Brook","GB111067056960","River","2015","2","Bad","Element","Invertebrates","Agriculture and rural land management","Probable","RFF","Agriculture - Livestock","Diffuse source","Probable","Poor soil management","Probable","Other (not in list)","Not applicable","533719","http://environment.data.gov.uk/catchment-planning/ReasonsForNotAchievingGood/533719","Other","",""
"Dee","Dee","Dee Estuary","Shotwick Brook","GB111067056960","River","2015","2","Bad","Element","Phosphate","Urban and transport","Probable","RFF","Urban","Diffuse source","Probable","Urbanisation - urban development","Probable","","","533738","http://environment.data.gov.uk/catchment-planning/ReasonsForNotAchievingGood/533738","Phosphate","",""
"Dee","Dee","Dee Estuary","Shotwick Brook","GB111067056960","River","2015","2","Bad","Element","Ammonia (Phys-Chem)","Industry","Suspected","RFF","Other industry, manufacturing and Business","Point source","Probable","Trade/Industry discharge","Suspected","","","533739","http://environment.data.gov.uk/catchment-planning/ReasonsForNotAchievingGood/533739","Ammonia","",""
"Dee","Dee","Dee Estuary","Shotwick Brook","GB111067056960","River","2015","2","Bad","Element","Phosphate","Agriculture and rural land management","Probable","RFF","Agriculture - Livestock","Diffuse source","Probable","Poor soil management","Probable","","","533720","http://environment.data.gov.uk/catchment-planning/ReasonsForNotAchievingGood/533720","Phosphate","",""
"Dee","Dee","Dee Estuary","Shotwick Brook","GB111067056960","River","2015","2","Bad","Element","Dissolved oxygen","Industry","Suspected","RFF","Other industry, manufacturing and Business","Point source","Probable","Trade/Industry discharge","Suspected","","","533740","http://environment.data.gov.uk/catchment-planning/ReasonsForNotAchievingGood/533740","Dissolved oxygen (DO)","",""
"Dee","Dee","Dee Estuary","Shotwick Brook","GB111067056960","River","2015","2","Bad","Element","Dissolved oxygen","Agriculture and rural land management","Probable","RFF","Agriculture - Livestock","Diffuse source","Probable","Poor nutrient management","Probable","","","533722","http://environment.data.gov.uk/catchment-planning/ReasonsForNotAchievingGood/533722","Dissolved oxygen (DO)","",""
"Dee","Dee","Dee Estuary","Shotwick Brook","GB111067056960","River","2015","2","Bad","Element","Dissolved oxygen","Agriculture and rural land management","Probable","RFF","Agriculture - Livestock","Diffuse source","Probable","Riparian/in-river activities (inc bankside erosion)","Probable","","","533726","http://environment.data.gov.uk/catchment-planning/ReasonsForNotAchievingGood/533726","Dissolved oxygen (DO)","Pollution from rural areas",""
"Dee","Dee","Dee Estuary","Shotwick Brook","GB111067056960","River","2015","2","Bad","Element","Dissolved oxygen","Agriculture and rural land management","Probable","RFF","Agriculture - Livestock","Point source","Probable","Farm/site infrastructure","Probable","","","533729","http://environment.data.gov.uk/catchment-planning/ReasonsForNotAchievingGood/533729","Dissolved oxygen (DO)","",""
"Dee","Dee","Dee Estuary","Shotwick Brook","GB111067056960","River","2015","2","Bad","Element","Dissolved oxygen","Agriculture and rural land management","Suspected","RFF","Agriculture - Livestock","Diffuse source","Suspected","Livestock","Suspected","","","519507","http://environment.data.gov.uk/catchment-planning/ReasonsForNotAchievingGood/519507","Dissolved oxygen (DO)","Pollution from rural areas",""
"Dee","Dee","Dee Estuary","Shotwick Brook","GB111067056960","River","2015","2","Bad","Element","Ammonia (Phys-Chem)","Agriculture and rural land management","Probable","RFF","Agriculture - Livestock","Diffuse source","Probable","Poor nutrient management","Probable","","","533721","http://environment.data.gov.uk/catchment-planning/ReasonsForNotAchievingGood/533721","Ammonia","",""
"Dee","Dee","Dee Estuary","Shotwick Brook","GB111067056960","River","2015","2","Bad","Element","Invertebrates","Agriculture and rural land management","Probable","RFF","Agriculture - Livestock","Diffuse source","Probable","Livestock","Probable","Other (not in list)","Not applicable","519505","http://environment.data.gov.uk/catchment-planning/ReasonsForNotAchievingGood/519505","Other","Pollution from rural areas",""
"Dee","Dee","Dee Estuary","Shotwick Brook","GB111067056960","River","2015","2","Bad","Element","Invertebrates","Industry","Suspected","RFF","Other industry, manufacturing and Business","Point source","Probable","Trade/Industry discharge","Suspected","Other (not in list)","Not applicable","533741","http://environment.data.gov.uk/catchment-planning/ReasonsForNotAchievingGood/533741","Other","",""
"Dee","Dee","Dee Estuary","Shotwick Brook","GB111067056960","River","2015","2","Bad","Element","Invertebrates","Agriculture and rural land management","Probable","RFF","Agriculture - Livestock","Diffuse source","Probable","Poor nutrient management","Probable","Other (not in list)","Not applicable","533723","http://environment.data.gov.uk/catchment-planning/ReasonsForNotAchievingGood/533723","Other","",""
"Dee","Dee","Dee Estuary","Shotwick Brook","GB111067056960","River","2015","2","Bad","Element","Ammonia (Phys-Chem)","Agriculture and rural land management","Probable","RFF","Agriculture - Livestock","Diffuse source","Probable","Riparian/in-river activities (inc bankside erosion)","Probable","","","533725","http://environment.data.gov.uk/catchment-planning/ReasonsForNotAchievingGood/533725","Ammonia","Pollution from rural areas",""
"Dee","Dee","Dee Estuary","Shotwick Brook","GB111067056960","River","2015","2","Bad","Element","Ammonia (Phys-Chem)","Agriculture and rural land management","Probable","RFF","Agriculture - Livestock","Point source","Probable","Farm/site infrastructure","Probable","","","533728","http://environment.data.gov.uk/catchment-planning/ReasonsForNotAchievingGood/533728","Ammonia","",""
"Dee","Dee","Dee Estuary","Shotwick Brook","GB111067056960","River","2015","2","Bad","Element","Ammonia (Phys-Chem)","Agriculture and rural land management","Suspected","RFF","Agriculture - Livestock","Diffuse source","Suspected","Livestock","Suspected","","","519506","http://environment.data.gov.uk/catchment-planning/ReasonsForNotAchievingGood/519506","Ammonia","Pollution from rural areas",""
"Dee","Dee","Dee Estuary","Shotwick Brook","GB111067056960","River","2015","2","Bad","Element","Ammonia (Phys-Chem)","Urban and transport","Suspected","RFF","Urban","Point source","Suspected","Private Sewage Treatment","Suspected","","","519511","http://environment.data.gov.uk/catchment-planning/ReasonsForNotAchievingGood/519511","Ammonia","Pollution from waste water",""
"Dee","Dee","Dee Estuary","Shotwick Brook","GB111067056960","River","2015","2","Bad","Element","Phosphate","Industry","Suspected","RFF","Other industry, manufacturing and Business","Point source","Probable","Trade/Industry discharge","Suspected","","","533742","http://environment.data.gov.uk/catchment-planning/ReasonsForNotAchievingGood/533742","Phosphate","",""
"Dee","Dee","Dee Estuary","Shotwick Brook","GB111067056960","River","2015","2","Bad","Element","Phosphate","Agriculture and rural land management","Probable","RFF","Agriculture - Livestock","Diffuse source","Probable","Poor nutrient management","Probable","","","533724","http://environment.data.gov.uk/catchment-planning/ReasonsForNotAchievingGood/533724","Phosphate","",""
"Dee","Dee","Dee Estuary","Shotwick Brook","GB111067056960","River","2015","2","Bad","Element","Invertebrates","Agriculture and rural land management","Suspected","RFF","Not applicable","Physical modification","Suspected","Land drainage - operational management","Suspected","Morphology","Not applicable","533745","http://environment.data.gov.uk/catchment-planning/ReasonsForNotAchievingGood/533745","Physical modification","Physical modifications",""
"Dee","Dee","Dee Estuary","Shotwick Brook","GB111067056960","River","2015","2","Bad","Element","Invertebrates","Agriculture and rural land management","Probable","RFF","Agriculture - Livestock","Point source","Probable","Farm/site infrastructure","Probable","Other (not in list)","Not applicable","533730","http://environment.data.gov.uk/catchment-planning/ReasonsForNotAchievingGood/533730","Other","",""
"Dee","Dee","Dee Estuary","Shotwick Brook","GB111067056960","River","2015","2","Bad","Element","Invertebrates","Urban and transport","Suspected","RFF","Urban","Point source","Suspected","Private Sewage Treatment","Suspected","Ammonia","Not applicable","519510","http://environment.data.gov.uk/catchment-planning/ReasonsForNotAchievingGood/519510","Ammonia","Pollution from waste water",""
"Dee","Dee","Dee Estuary","Shotwick Brook","GB111067056960","River","2015","2","Bad","Element","Phosphate","Agriculture and rural land management","Suspected","RFF","Agriculture - Livestock","Diffuse source","Suspected","Livestock","Suspected","","","519508","http://environment.data.gov.uk/catchment-planning/ReasonsForNotAchievingGood/519508","Phosphate","Pollution from rural areas",""
"Dee","Dee","Dee Estuary","Shotwick Brook","GB111067056960","River","2015","2","Bad","Element","Phosphate","Agriculture and rural land management","Probable","RFF","Agriculture - Livestock","Diffuse source","Probable","Riparian/in-river activities (inc bankside erosion)","Probable","","","533727","http://environment.data.gov.uk/catchment-planning/ReasonsForNotAchievingGood/533727","Phosphate","Pollution from rural areas",""
"Dee","Dee","Dee Estuary","Balderton drain","GB111067052150","River","2013","2","Moderate or less","Element","Mitigation Measures Assessment","Local and Central Government","Confirmed","RFF","Not applicable","Physical modification","Confirmed","Other (not in list, must add details in comments)","Confirmed","Flood protection","","480047","http://environment.data.gov.uk/catchment-planning/ReasonsForNotAchievingGood/480047","Physical modification","Physical modifications",""
"Dee","Dee","Dee Estuary","Balderton drain","GB111067052150","River","2015","2","Bad","Element","Ammonia (Phys-Chem)","Agriculture and rural land management","Probable","RFF","Agriculture - Livestock","Point source","Probable","Farm/site infrastructure","Probable","","","533750","http://environment.data.gov.uk/catchment-planning/ReasonsForNotAchievingGood/533750","Ammonia","",""
"Dee","Dee","Dee Estuary","Balderton drain","GB111067052150","River","2015","2","Bad","Element","Dissolved oxygen","Agriculture and rural land management","Probable","RFF","Agriculture - Livestock","Point source","Probable","Farm/site infrastructure","Probable","","","533751","http://environment.data.gov.uk/catchment-planning/ReasonsForNotAchievingGood/533751","Dissolved oxygen (DO)","",""
"Dee","Dee","Dee Estuary","Balderton drain","GB111067052150","River","2015","2","Bad","Element","Invertebrates","Urban and transport","Probable","RFF","Not applicable","Point source","Probable","Private Sewage Treatment","Probable","Ammonia","Not applicable","513348","http://environment.data.gov.uk/catchment-planning/ReasonsForNotAchievingGood/513348","Ammonia","Pollution from waste water",""
"Dee","Dee","Dee Estuary","Balderton drain","GB111067052150","River","2015","2","Bad","Element","Invertebrates","Agriculture and rural land management","Probable","RFF","Agriculture - Livestock","Point source","Probable","Farm/site infrastructure","Probable","Other (not in list)","Not applicable","533752","http://environment.data.gov.uk/catchment-planning/ReasonsForNotAchievingGood/533752","Other","",""
"Dee","Dee","Dee Estuary","Balderton drain","GB111067052150","River","2015","2","Bad","Element","Invertebrates","Urban and transport","Probable","RFF","Not applicable","Point source","Probable","Private Sewage Treatment","Probable","BOD","Not applicable","513349","http://environment.data.gov.uk/catchment-planning/ReasonsForNotAchievingGood/513349","Biochemical Oxygen Demand (BOD)","Pollution from waste water",""
"Dee","Dee","Dee Estuary","Balderton drain","GB111067052150","River","2014","2","Poor","Element","Phosphate","Agriculture and rural land management","Probable","RFF","Agriculture - Livestock","Point source","Probable","Farm/site infrastructure","Probable","","","533753","http://environment.data.gov.uk/catchment-planning/ReasonsForNotAchievingGood/533753","Phosphate","",""
"Dee","Dee","Dee Estuary","Balderton drain","GB111067052150","River","2015","2","Bad","Element","Ammonia (Phys-Chem)","Agriculture and rural land management","Probable","RFF","Agriculture - Livestock","Diffuse source","Probable","Poor soil management","Probable","","","533754","http://environment.data.gov.uk/catchment-planning/ReasonsForNotAchievingGood/533754","Ammonia","",""
"Dee","Dee","Dee Estuary","Balderton drain","GB111067052150","River","2015","2","Bad","Element","Dissolved oxygen","Urban and transport","Probable","RFF","Urban","Diffuse source","Probable","Urbanisation - urban development","Probable","","","533755","http://environment.data.gov.uk/catchment-planning/ReasonsForNotAchievingGood/533755","Dissolved oxygen (DO)","",""
"Dee","Dee","Dee Estuary","Balderton drain","GB111067052150","River","2015","2","Bad","Element","Biochemical Oxygen Demand (BOD)","Agriculture and rural land management","Probable","RFF","Agriculture - Livestock","Diffuse source","Probable","Livestock","Suspected","","","532110","http://environment.data.gov.uk/catchment-planning/ReasonsForNotAchievingGood/532110","Biochemical Oxygen Demand (BOD)","Pollution from rural areas",""
"Dee","Dee","Dee Estuary","Balderton drain","GB111067052150","River","2015","2","Bad","Element","Invertebrates","Agriculture and rural land management","Probable","RFF","Agriculture - Livestock","Diffuse source","Probable","Poor soil management","Probable","Organic pollution","Not applicable","533756","http://environment.data.gov.uk/catchment-planning/ReasonsForNotAchievingGood/533756","Organic pollution","",""
"Dee","Dee","Dee Estuary","Balderton drain","GB111067052150","River","2014","2","Poor","Element","Phosphate","Urban and transport","Probable","RFF","Not applicable","Point source","Probable","Private Sewage Treatment","Probable","","","513352","http://environment.data.gov.uk/catchment-planning/ReasonsForNotAchievingGood/513352","Phosphate","Pollution from waste water",""
"Dee","Dee","Dee Estuary","Balderton drain","GB111067052150","River","2015","2","Bad","Element","Dissolved oxygen","Agriculture and rural land management","Probable","RFF","Agriculture - Livestock","Diffuse source","Probable","Livestock","Suspected","","","532111","http://environment.data.gov.uk/catchment-planning/ReasonsForNotAchievingGood/532111","Dissolved oxygen (DO)","Pollution from rural areas",""
"Dee","Dee","Dee Estuary","Balderton drain","GB111067052150","River","2014","2","Poor","Element","Phosphate","Agriculture and rural land management","Probable","RFF","Agriculture - Livestock","Diffuse source","Probable","Poor soil management","Probable","","","533757","http://environment.data.gov.uk/catchment-planning/ReasonsForNotAchievingGood/533757","Phosphate","",""
"Dee","Dee","Dee Estuary","Balderton drain","GB111067052150","River","2015","2","Bad","Element","Dissolved oxygen","Agriculture and rural land management","Probable","RFF","Agriculture - Livestock","Diffuse source","Probable","Poor nutrient management","Probable","","","513344","http://environment.data.gov.uk/catchment-planning/ReasonsForNotAchievingGood/513344","Dissolved oxygen (DO)","",""
"Dee","Dee","Dee Estuary","Balderton drain","GB111067052150","River","2015","2","Bad","Element","Dissolved oxygen","Agriculture and rural land management","Probable","RFF","Agriculture - Livestock","Diffuse source","Probable","Riparian/in-river activities (inc bankside erosion)","Probable","","","533747","http://environment.data.gov.uk/catchment-planning/ReasonsForNotAchievingGood/533747","Dissolved oxygen (DO)","Pollution from rural areas",""
"Dee","Dee","Dee Estuary","Balderton drain","GB111067052150","River","2015","2","Bad","Element","Dissolved oxygen","Domestic General Public","Suspected","RFF","Domestic/General public","Point source","Suspected","Private Sewage Treatment","Suspected","","","533763","http://environment.data.gov.uk/catchment-planning/ReasonsForNotAchievingGood/533763","Dissolved oxygen (DO)","Pollution from waste water",""
"Dee","Dee","Dee Estuary","Balderton drain","GB111067052150","River","2015","2","Bad","Element","Dissolved oxygen","Agriculture and rural land management","Probable","RFF","Agriculture - Livestock","Diffuse source","Probable","Poor soil management","Suspected","","","532114","http://environment.data.gov.uk/catchment-planning/ReasonsForNotAchievingGood/532114","Dissolved oxygen (DO)","",""
"Dee","Dee","Dee Estuary","Balderton drain","GB111067052150","River","2015","2","Bad","Element","Ammonia (Phys-Chem)","Agriculture and rural land management","Probable","RFF","Agriculture - Livestock","Diffuse source","Probable","Poor nutrient management","Probable","","","532112","http://environment.data.gov.uk/catchment-planning/ReasonsForNotAchievingGood/532112","Ammonia","",""
"Dee","Dee","Dee Estuary","Balderton drain","GB111067052150","River","2015","2","Bad","Element","Ammonia (Phys-Chem)","Urban and transport","Suspected","RFF","Urban","Diffuse source","Probable","Urbanisation - urban development","Suspected","","","533758","http://environment.data.gov.uk/catchment-planning/ReasonsForNotAchievingGood/533758","Ammonia","",""
"Dee","Dee","Dee Estuary","Balderton drain","GB111067052150","River","2015","2","Bad","Element","Biochemical Oxygen Demand (BOD)","Urban and transport","Probable","RFF","Not applicable","Point source","Probable","Private Sewage Treatment","Probable","","","513354","http://environment.data.gov.uk/catchment-planning/ReasonsForNotAchievingGood/513354","Biochemical Oxygen Demand (BOD)","Pollution from waste water",""
"Dee","Dee","Dee Estuary","Balderton drain","GB111067052150","River","2015","2","Bad","Element","Biochemical Oxygen Demand (BOD)","Agriculture and rural land management","Probable","RFF","Agriculture - Livestock","Diffuse source","Probable","Riparian/in-river activities (inc bankside erosion)","Probable","","","532113","http://environment.data.gov.uk/catchment-planning/ReasonsForNotAchievingGood/532113","Biochemical Oxygen Demand (BOD)","Pollution from rural areas",""
"Dee","Dee","Dee Estuary","Balderton drain","GB111067052150","River","2015","2","Bad","Element","Biochemical Oxygen Demand (BOD)","Urban and transport","Suspected","RFF","Urban","Diffuse source","Probable","Urbanisation - urban development","Suspected","","","533759","http://environment.data.gov.uk/catchment-planning/ReasonsForNotAchievingGood/533759","Biochemical Oxygen Demand (BOD)","",""
"Dee","Dee","Dee Estuary","Balderton drain","GB111067052150","River","2015","2","Bad","Element","Ammonia (Phys-Chem)","Agriculture and rural land management","Probable","RFF","Agriculture - Livestock","Diffuse source","Probable","Livestock","Suspected","","","513341","http://environment.data.gov.uk/catchment-planning/ReasonsForNotAchievingGood/513341","Ammonia","Pollution from rural areas",""
"Dee","Dee","Dee Estuary","Balderton drain","GB111067052150","River","2015","2","Bad","Element","Ammonia (Phys-Chem)","Agriculture and rural land management","Probable","RFF","Agriculture - Livestock","Diffuse source","Probable","Riparian/in-river activities (inc bankside erosion)","Probable","","","533746","http://environment.data.gov.uk/catchment-planning/ReasonsForNotAchievingGood/533746","Ammonia","Pollution from rural areas",""
"Dee","Dee","Dee Estuary","Balderton drain","GB111067052150","River","2015","2","Bad","Element","Ammonia (Phys-Chem)","Domestic General Public","Suspected","RFF","Domestic/General public","Point source","Suspected","Private Sewage Treatment","Suspected","","","533762","http://environment.data.gov.uk/catchment-planning/ReasonsForNotAchievingGood/533762","Ammonia","Pollution from waste water",""
"Dee","Dee","Dee Estuary","Balderton drain","GB111067052150","River","2015","2","Bad","Element","Invertebrates","Urban and transport","Suspected","RFF","Urban","Diffuse source","Probable","Urbanisation - urban development","Suspected","Other (not in list)","Not applicable","533760","http://environment.data.gov.uk/catchment-planning/ReasonsForNotAchievingGood/533760","Other","",""
"Dee","Dee","Dee Estuary","Balderton drain","GB111067052150","River","2014","2","Poor","Element","Phosphate","Agriculture and rural land management","Probable","RFF","Agriculture - Livestock","Diffuse source","Probable","Poor nutrient management","Probable","","","532115","http://environment.data.gov.uk/catchment-planning/ReasonsForNotAchievingGood/532115","Phosphate","",""
"Dee","Dee","Dee Estuary","Balderton drain","GB111067052150","River","2015","2","Bad","Element","Invertebrates","Agriculture and rural land management","Probable","RFF","Agriculture - Livestock","Diffuse source","Probable","Riparian/in-river activities (inc bankside erosion)","Probable","Other (not in list)","Not applicable","533748","http://environment.data.gov.uk/catchment-planning/ReasonsForNotAchievingGood/533748","Other","Pollution from rural areas",""
"Dee","Dee","Dee Estuary","Balderton drain","GB111067052150","River","2015","2","Bad","Element","Invertebrates","Domestic General Public","Suspected","RFF","Domestic/General public","Point source","Suspected","Private Sewage Treatment","Suspected","Other (not in list)","Not applicable","533764","http://environment.data.gov.uk/catchment-planning/ReasonsForNotAchievingGood/533764","Other","Pollution from waste water",""
"Dee","Dee","Dee Estuary","Balderton drain","GB111067052150","River","2014","2","Poor","Element","Phosphate","Urban and transport","Suspected","RFF","Urban","Diffuse source","Probable","Urbanisation - urban development","Suspected","","","533761","http://environment.data.gov.uk/catchment-planning/ReasonsForNotAchievingGood/533761","Phosphate","",""
"Dee","Dee","Dee Estuary","Balderton drain","GB111067052150","River","2014","2","Poor","Element","Phosphate","Agriculture and rural land management","Probable","RFF","Agriculture - Livestock","Diffuse source","Probable","Livestock","Probable","","","513342","http://environment.data.gov.uk/catchment-planning/ReasonsForNotAchievingGood/513342","Phosphate","Pollution from rural areas",""
"Dee","Dee","Dee Estuary","Balderton drain","GB111067052150","River","2014","2","Poor","Element","Phosphate","Agriculture and rural land management","Probable","RFF","Agriculture - Livestock","Diffuse source","Probable","Riparian/in-river activities (inc bankside erosion)","Probable","","","533749","http://environment.data.gov.uk/catchment-planning/ReasonsForNotAchievingGood/533749","Phosphate","Pollution from rural areas",""
"Dee","Dee","Worthenbury","Worthenbury Brook - upper","GB111067052200","River","2014","2","Moderate","Element","Phosphate","Water Industry","Confirmed","RFF","Not applicable","Point source","Confirmed","Sewage discharge (continuous)","Confirmed","","","489393","http://environment.data.gov.uk/catchment-planning/ReasonsForNotAchievingGood/489393","Phosphate","Pollution from waste water",""
"Dee","Dee","Worthenbury","Worthenbury Brook - upper","GB111067052200","River","2014","2","Moderate","Element","Macrophytes and Phytobenthos Combined","Water Industry","Confirmed","RFF","Waste water treatment","Point source","Confirmed","Sewage discharge (continuous)","Confirmed","Nutrients","Phosphate","483373","http://environment.data.gov.uk/catchment-planning/ReasonsForNotAchievingGood/483373","Phosphate","Pollution from waste water",""
"Dee","Dee","Worthenbury","Worthenbury Brook - upper","GB111067052200","River","2014","2","Moderate","Element","Phosphate","Agriculture and rural land management","Probable","RFF","Agriculture - Livestock","Diffuse source","Probable","Livestock","Probable","","","489394","http://environment.data.gov.uk/catchment-planning/ReasonsForNotAchievingGood/489394","Phosphate","Pollution from rural areas",""
"Dee","Dee","Worthenbury","Worthenbury Brook - upper","GB111067052200","River","2014","2","Moderate","Element","Macrophytes and Phytobenthos Combined","Agriculture and rural land management","Probable","RFF","Agriculture - Livestock","Point source","Probable","Farm/site infrastructure","Probable","Nutrients","Phosphate","533624","http://environment.data.gov.uk/catchment-planning/ReasonsForNotAchievingGood/533624","Phosphate","",""
"Dee","Dee","Worthenbury","Worthenbury Brook - upper","GB111067052200","River","2014","2","Moderate","Element","Phosphate","Agriculture and rural land management","Probable","RFF","Agriculture - Livestock","Point source","Probable","Farm/site infrastructure","Probable","","","533625","http://environment.data.gov.uk/catchment-planning/ReasonsForNotAchievingGood/533625","Phosphate","",""
"Dee","Dee","Worthenbury","Worthenbury Brook - upper","GB111067052200","River","2014","2","Moderate","Element","Ammonia (Phys-Chem)","Agriculture and rural land management","Probable","RFF","Agriculture - Livestock","Diffuse source","Probable","Livestock","Probable","","","533644","http://environment.data.gov.uk/catchment-planning/ReasonsForNotAchievingGood/533644","Ammonia","Pollution from rural areas",""
"Dee","Dee","Worthenbury","Worthenbury Brook - upper","GB111067052200","River","2015","2","Fail","Element","Nonylphenol","No sector responsible","Not applicable","RFF","Not applicable","Suspect data","Probable","Not applicable","Not applicable","","","513425","http://environment.data.gov.uk/catchment-planning/ReasonsForNotAchievingGood/513425","Chemicals","Suspect data",""
"Dee","Dee","Worthenbury","Worthenbury Brook - upper","GB111067052200","River","2014","2","Moderate","Element","Phosphate","Agriculture and rural land management","Probable","RFF","Agriculture - Livestock","Diffuse source","Probable","Riparian/in-river activities (inc bankside erosion)","Probable","","","533626","http://environment.data.gov.uk/catchment-planning/ReasonsForNotAchievingGood/533626","Phosphate","Pollution from rural areas",""
"Dee","Dee","Worthenbury","Worthenbury Brook - upper","GB111067052200","River","2014","2","Moderate","Element","Ammonia (Phys-Chem)","Agriculture and rural land management","Probable","RFF","Agriculture - Livestock","Diffuse source","Probable","Poor nutrient management","Probable","","","533627","http://environment.data.gov.uk/catchment-planning/ReasonsForNotAchievingGood/533627","Ammonia","",""
"Dee","Dee","Worthenbury","Worthenbury Brook - upper","GB111067052200","River","2014","2","Moderate","Element","Macrophytes and Phytobenthos Combined","Agriculture and rural land management","Probable","RFF","Agriculture - Livestock","Diffuse source","Probable","Poor nutrient management","Probable","Nutrients","Phosphate","533628","http://environment.data.gov.uk/catchment-planning/ReasonsForNotAchievingGood/533628","Phosphate","",""
"Dee","Dee","Worthenbury","Worthenbury Brook - upper","GB111067052200","River","2015","2","Poor","Element","Fish","Agriculture and rural land management","Probable","RFF","Agriculture - Livestock","Diffuse source","Probable","Livestock","Suspected","Ammonia","Not applicable","519680","http://environment.data.gov.uk/catchment-planning/ReasonsForNotAchievingGood/519680","Ammonia","Pollution from rural areas",""
"Dee","Dee","Worthenbury","Worthenbury Brook - upper","GB111067052200","River","2014","2","Moderate","Element","Phosphate","Agriculture and rural land management","Probable","RFF","Agriculture - Livestock","Diffuse source","Probable","Poor nutrient management","Probable","","","533629","http://environment.data.gov.uk/catchment-planning/ReasonsForNotAchievingGood/533629","Phosphate","",""
"Dee","Dee","Worthenbury","Worthenbury Brook - upper","GB111067052200","River","2014","2","Moderate","Element","Macrophytes and Phytobenthos Combined","Agriculture and rural land management","Suspected","RFF","Agriculture - Livestock","Diffuse source","Suspected","Riparian/in-river activities (inc bankside erosion)","Suspected","Sediment","Not applicable","483375","http://environment.data.gov.uk/catchment-planning/ReasonsForNotAchievingGood/483375","Fine sediment","Pollution from rural areas",""
"Dee","Dee","Worthenbury","Worthenbury Brook - upper","GB111067052200","River","2014","2","Moderate","Element","Macrophytes and Phytobenthos Combined","Agriculture and rural land management","Probable","RFF","Agriculture - Arable","Diffuse source","Probable","Poor soil management","Probable","Nutrients","Phosphate","533633","http://environment.data.gov.uk/catchment-planning/ReasonsForNotAchievingGood/533633","Phosphate","",""
"Dee","Dee","Worthenbury","Worthenbury Brook - upper","GB111067052200","River","2014","2","Moderate","Element","Macrophytes and Phytobenthos Combined","Agriculture and rural land management","Probable","RFF","Agriculture - Arable","Diffuse source","Probable","Poor nutrient management","Probable","Nutrients","Phosphate","533635","http://environment.data.gov.uk/catchment-planning/ReasonsForNotAchievingGood/533635","Phosphate","",""
"Dee","Dee","Worthenbury","Worthenbury Brook - upper","GB111067052200","River","2014","2","Moderate","Element","Macrophytes and Phytobenthos Combined","Agriculture and rural land management","Probable","RFF","Agriculture - Livestock","Diffuse source","Probable","Poor soil management","Probable","Nutrients","Phosphate","533630","http://environment.data.gov.uk/catchment-planning/ReasonsForNotAchievingGood/533630","Phosphate","",""
"Dee","Dee","Worthenbury","Worthenbury Brook - upper","GB111067052200","River","2014","2","Moderate","Element","Macrophytes and Phytobenthos Combined","Agriculture and rural land management","Probable","RFF","Agriculture - Livestock","Diffuse source","Probable","Livestock","Probable","Nutrients","Phosphate","483374","http://environment.data.gov.uk/catchment-planning/ReasonsForNotAchievingGood/483374","Phosphate","Pollution from rural areas",""
"Dee","Dee","Worthenbury","Worthenbury Brook - upper","GB111067052200","River","2014","2","Moderate","Element","Macrophytes and Phytobenthos Combined","Urban and transport","Probable","RFF","Urban","Point source","Probable","Private Sewage Treatment","Probable","Nutrients","Phosphate","513426","http://environment.data.gov.uk/catchment-planning/ReasonsForNotAchievingGood/513426","Phosphate","Pollution from waste water",""
"Dee","Dee","Worthenbury","Worthenbury Brook - upper","GB111067052200","River","2014","2","Moderate","Element","Macrophytes and Phytobenthos Combined","Domestic General Public","Suspected","RFF","Domestic/General public","Point source","Probable","Private Sewage Treatment","Suspected","Morphology","Not applicable","533640","http://environment.data.gov.uk/catchment-planning/ReasonsForNotAchievingGood/533640","Physical modification","Pollution from waste water",""
"Dee","Dee","Worthenbury","Worthenbury Brook - upper","GB111067052200","River","2014","2","Fail","Element","Tributyltin Compounds","Other","Probable","RFF","Not applicable","Diffuse source","Probable","Other (not in list, must add details in comments)","Probable","","","532088","http://environment.data.gov.uk/catchment-planning/ReasonsForNotAchievingGood/532088","Chemicals","Other pressures",""
"Dee","Dee","Worthenbury","Worthenbury Brook - upper","GB111067052200","River","2015","2","Poor","Element","Fish","Industry","Probable","RFF","Other industry, manufacturing and Business","Point source","Probable","Trade/Industry discharge","Probable","Ammonia","Not applicable","519683","http://environment.data.gov.uk/catchment-planning/ReasonsForNotAchievingGood/519683","Ammonia","",""
"Dee","Dee","Worthenbury","Worthenbury Brook - upper","GB111067052200","River","2014","2","Moderate","Element","Phosphate","Agriculture and rural land management","Probable","RFF","Agriculture - Livestock","Diffuse source","Probable","Poor soil management","Probable","","","533631","http://environment.data.gov.uk/catchment-planning/ReasonsForNotAchievingGood/533631","Phosphate","",""
"Dee","Dee","Worthenbury","Worthenbury Brook - upper","GB111067052200","River","2015","2","Poor","Element","Fish","Industry","Probable","RFF","Not applicable","Point source","Probable","Landfill leaching","Probable","Ammonia","Not applicable","519720","http://environment.data.gov.uk/catchment-planning/ReasonsForNotAchievingGood/519720","Ammonia","Pollution from waste water",""
"Dee","Dee","Worthenbury","Worthenbury Brook - upper","GB111067052200","River","2015","2","Poor","Element","Fish","Urban and transport","Probable","RFF","Not applicable","Physical modification","Probable","Barriers - ecological discontinuity","Probable","Morphology","Not applicable","519721","http://environment.data.gov.uk/catchment-planning/ReasonsForNotAchievingGood/519721","Physical modification","Physical modifications",""
"Dee","Dee","Worthenbury","Worthenbury Brook - upper","GB111067052200","River","2015","2","Poor","Element","Fish","Water Industry","Suspected","RFF","Waste water treatment","Point source","Suspected","Sewage discharge (intermittent)","Suspected","Ammonia","Not applicable","532080","http://environment.data.gov.uk/catchment-planning/ReasonsForNotAchievingGood/532080","Ammonia","Pollution from waste water",""
"Dee","Dee","Worthenbury","Worthenbury Brook - upper","GB111067052200","River","2014","2","Moderate","Element","Ammonia (Phys-Chem)","Water Industry","Suspected","RFF","Waste water treatment","Point source","Suspected","Sewage discharge (intermittent)","Suspected","","","532081","http://environment.data.gov.uk/catchment-planning/ReasonsForNotAchievingGood/532081","Ammonia","Pollution from waste water",""
"Dee","Dee","Worthenbury","Worthenbury Brook - upper","GB111067052200","River","2014","2","Moderate","Element","Phosphate","Agriculture and rural land management","Probable","RFF","Agriculture - Arable","Diffuse source","Probable","Poor soil management","Probable","","","533634","http://environment.data.gov.uk/catchment-planning/ReasonsForNotAchievingGood/533634","Phosphate","",""
"Dee","Dee","Worthenbury","Worthenbury Brook - upper","GB111067052200","River","2014","2","Moderate","Element","Ammonia (Phys-Chem)","Industry","Probable","RFF","Not applicable","Point source","Probable","Landfill leaching","Probable","","","532082","http://environment.data.gov.uk/catchment-planning/ReasonsForNotAchievingGood/532082","Ammonia","Pollution from waste water",""
"Dee","Dee","Worthenbury","Worthenbury Brook - upper","GB111067052200","River","2014","2","Moderate","Element","Ammonia (Phys-Chem)","Industry","Probable","RFF","Other industry, manufacturing and Business","Point source","Probable","Trade/Industry discharge","Probable","","","532083","http://environment.data.gov.uk/catchment-planning/ReasonsForNotAchievingGood/532083","Ammonia","",""
"Dee","Dee","Worthenbury","Worthenbury Brook - upper","GB111067052200","River","2014","2","Moderate","Element","Phosphate","Agriculture and rural land management","Probable","RFF","Agriculture - Arable","Diffuse source","Probable","Poor nutrient management","Probable","","","533636","http://environment.data.gov.uk/catchment-planning/ReasonsForNotAchievingGood/533636","Phosphate","",""
"Dee","Dee","Worthenbury","Worthenbury Brook - upper","GB111067052200","River","2014","2","Moderate","Element","Phosphate","Domestic General Public","Suspected","RFF","Domestic/General public","Point source","Probable","Private Sewage Treatment","Suspected","","","533641","http://environment.data.gov.uk/catchment-planning/ReasonsForNotAchievingGood/533641","Phosphate","Pollution from waste water",""
"Dee","Dee","Worthenbury","Worthenbury Brook - upper","GB111067052200","River","2014","2","Moderate","Element","Ammonia (Phys-Chem)","Domestic General Public","Suspected","RFF","Domestic/General public","Point source","Probable","Private Sewage Treatment","Suspected","","","533639","http://environment.data.gov.uk/catchment-planning/ReasonsForNotAchievingGood/533639","Ammonia","Pollution from waste water",""
"Dee","Dee","Worthenbury","Worthenbury Brook - upper","GB111067052200","River","2014","2","Moderate","Element","Ammonia (Phys-Chem)","Agriculture and rural land management","Probable","RFF","Agriculture - Livestock","Point source","Probable","Farm/site infrastructure","Probable","","","533623","http://environment.data.gov.uk/catchment-planning/ReasonsForNotAchievingGood/533623","Ammonia","",""
"Dee","Dee","Worthenbury","Worthenbury Brook - lower","GB111067052090","River","2014","2","Moderate","Element","Phosphate","Agriculture and rural land management","Probable","RFF","Agriculture - Livestock","Diffuse source","Probable","Livestock","Probable","","","489385","http://environment.data.gov.uk/catchment-planning/ReasonsForNotAchievingGood/489385","Phosphate","Pollution from rural areas",""
"Dee","Dee","Worthenbury","Worthenbury Brook - lower","GB111067052090","River","2013","2","Moderate","Element","Fish","Agriculture and rural land management","Suspected","RFF","Agriculture - Livestock","Diffuse source","Suspected","Livestock","Suspected","Sediment","Not applicable","489384","http://environment.data.gov.uk/catchment-planning/ReasonsForNotAchievingGood/489384","Fine sediment","Pollution from rural areas",""
"Dee","Dee","Worthenbury","Worthenbury Brook - lower","GB111067052090","River","2014","2","Moderate","Element","Phosphate","Water Industry","Confirmed","RFF","Not applicable","Point source","Confirmed","Sewage discharge (continuous)","Confirmed","","","489386","http://environment.data.gov.uk/catchment-planning/ReasonsForNotAchievingGood/489386","Phosphate","Pollution from waste water",""
"Dee","Dee","Worthenbury","Worthenbury Brook - lower","GB111067052090","River","2013","2","Moderate or less","Element","Mitigation Measures Assessment","Local and Central Government","Confirmed","RFF","Not applicable","Physical modification","Confirmed","Other (not in list, must add details in comments)","Confirmed","Flood protection","","480045","http://environment.data.gov.uk/catchment-planning/ReasonsForNotAchievingGood/480045","Physical modification","Physical modifications",""
"Dee","Dee","Worthenbury","Worthenbury Brook - lower","GB111067052090","River","2014","2","Moderate","Element","Phosphate","Domestic General Public","Suspected","RFF","Domestic/General public","Point source","Suspected","Private Sewage Treatment","Suspected","","","533677","http://environment.data.gov.uk/catchment-planning/ReasonsForNotAchievingGood/533677","Phosphate","Pollution from waste water",""
"Dee","Dee","Worthenbury","Wych Brook","GB111067052230","River","2014","2","Poor","Element","Phosphate","Agriculture and rural land management","Probable","RFF","Agriculture - Livestock","Diffuse source","Probable","Livestock","Probable","","","489397","http://environment.data.gov.uk/catchment-planning/ReasonsForNotAchievingGood/489397","Phosphate","Pollution from rural areas",""
"Dee","Dee","Worthenbury","Wych Brook","GB111067052230","River","2014","2","Poor","Element","Phosphate","Water Industry","Confirmed","RFF","Waste water treatment","Point source","Confirmed","Sewage discharge (continuous)","Confirmed","","","489396","http://environment.data.gov.uk/catchment-planning/ReasonsForNotAchievingGood/489396","Phosphate","Pollution from waste water",""
"Dee","Dee","Worthenbury","Wych Brook","GB111067052230","River","2016","2","Moderate","Element","Macrophytes and Phytobenthos Combined","Water Industry","Confirmed","RFF","Waste water treatment","Point source","Confirmed","Sewage discharge (continuous)","Confirmed","Nutrients","Phosphate","532090","http://environment.data.gov.uk/catchment-planning/ReasonsForNotAchievingGood/532090","Phosphate","Pollution from waste water",""
"Dee","Dee","Worthenbury","Wych Brook","GB111067052230","River","2016","2","Moderate","Element","Macrophytes and Phytobenthos Combined","Agriculture and rural land management","Probable","RFF","Agriculture - Livestock","Diffuse source","Probable","Livestock","Probable","Nutrients","Phosphate","532091","http://environment.data.gov.uk/catchment-planning/ReasonsForNotAchievingGood/532091","Phosphate","Pollution from rural areas",""
"Dee","Dee","Worthenbury","Wych Brook","GB111067052230","River","2016","2","Moderate","Element","Macrophytes and Phytobenthos Combined","Agriculture and rural land management","Probable","RFF","Agriculture - Livestock","Diffuse source","Probable","Poor soil management","Probable","Nutrients","Phosphate","533662","http://environment.data.gov.uk/catchment-planning/ReasonsForNotAchievingGood/533662","Phosphate","",""
"Dee","Dee","Worthenbury","Wych Brook","GB111067052230","River","2014","2","Poor","Element","Phosphate","Agriculture and rural land management","Probable","RFF","Agriculture - Livestock","Diffuse source","Probable","Poor soil management","Probable","","","533663","http://environment.data.gov.uk/catchment-planning/ReasonsForNotAchievingGood/533663","Phosphate","",""
"Dee","Dee","Worthenbury","Wych Brook","GB111067052230","River","2016","2","Moderate","Element","Macrophytes and Phytobenthos Combined","Agriculture and rural land management","Probable","RFF","Agriculture - Livestock","Point source","Probable","Farm/site infrastructure","Probable","Nutrients","Phosphate","533666","http://environment.data.gov.uk/catchment-planning/ReasonsForNotAchievingGood/533666","Phosphate","",""
"Dee","Dee","Worthenbury","Wych Brook","GB111067052230","River","2014","2","Poor","Element","Phosphate","Agriculture and rural land management","Probable","RFF","Agriculture - Livestock","Point source","Probable","Farm/site infrastructure","Probable","","","533667","http://environment.data.gov.uk/catchment-planning/ReasonsForNotAchievingGood/533667","Phosphate","",""
"Dee","Dee","Worthenbury","Wych Brook","GB111067052230","River","2014","2","Poor","Element","Phosphate","Urban and transport","Probable","RFF","Urban","Point source","Probable","Private Sewage Treatment","Probable","","","513440","http://environment.data.gov.uk/catchment-planning/ReasonsForNotAchievingGood/513440","Phosphate","Pollution from waste water",""
"Dee","Dee","Worthenbury","Wych Brook","GB111067052230","River","2014","2","Poor","Element","Phosphate","Agriculture and rural land management","Probable","RFF","Agriculture - Livestock","Diffuse source","Probable","Poor nutrient management","Probable","","","533660","http://environment.data.gov.uk/catchment-planning/ReasonsForNotAchievingGood/533660","Phosphate","",""
"Dee","Dee","Worthenbury","Wych Brook","GB111067052230","River","2014","2","Poor","Element","Phosphate","Agriculture and rural land management","Probable","RFF","Agriculture - Livestock","Diffuse source","Probable","Riparian/in-river activities (inc bankside erosion)","Probable","","","533657","http://environment.data.gov.uk/catchment-planning/ReasonsForNotAchievingGood/533657","Phosphate","Pollution from rural areas",""
"Dee","Dee","Worthenbury","Wych Brook","GB111067052230","River","2016","2","Moderate","Element","Macrophytes and Phytobenthos Combined","Agriculture and rural land management","Probable","RFF","Agriculture - Livestock","Diffuse source","Probable","Poor nutrient management","Probable","Nutrients","Phosphate","533659","http://environment.data.gov.uk/catchment-planning/ReasonsForNotAchievingGood/533659","Phosphate","",""
"Dee","Dee","Worthenbury","Wych Brook","GB111067052230","River","2016","2","Moderate","Element","Macrophytes and Phytobenthos Combined","Domestic General Public","Suspected","RFF","Domestic/General public","Point source","Suspected","Private Sewage Treatment","Suspected","Nutrients","Phosphate","533673","http://environment.data.gov.uk/catchment-planning/ReasonsForNotAchievingGood/533673","Phosphate","Pollution from waste water",""
"Dee","Dee","Worthenbury","Wych Brook","GB111067052230","River","2016","2","Moderate","Element","Macrophytes and Phytobenthos Combined","Agriculture and rural land management","Probable","RFF","Agriculture - Livestock","Diffuse source","Probable","Riparian/in-river activities (inc bankside erosion)","Probable","Nutrients","Phosphate","533656","http://environment.data.gov.uk/catchment-planning/ReasonsForNotAchievingGood/533656","Phosphate","Pollution from rural areas",""
"Dee","Dee","Worthenbury","Wych Brook","GB111067052230","River","2016","2","Moderate","Element","Ammonia (Phys-Chem)","Water Industry","Suspected","RFF","Waste water treatment","Point source","Suspected","Sewage discharge (continuous)","Suspected","","","530033","http://environment.data.gov.uk/catchment-planning/ReasonsForNotAchievingGood/530033","Ammonia","Pollution from waste water",""
"Dee","Dee","Worthenbury","Wych Brook","GB111067052230","River","2016","2","Moderate","Element","Ammonia (Phys-Chem)","Agriculture and rural land management","Suspected","RFF","Agriculture - Livestock","Diffuse source","Suspected","Livestock","Suspected","","","530034","http://environment.data.gov.uk/catchment-planning/ReasonsForNotAchievingGood/530034","Ammonia","Pollution from rural areas",""
"Dee","Dee","Worthenbury","Wych Brook","GB111067052230","River","2016","2","Moderate","Element","Ammonia (Phys-Chem)","Agriculture and rural land management","Suspected","RFF","Agriculture - Livestock","Diffuse source","Suspected","Riparian/in-river activities (inc bankside erosion)","Suspected","","","533655","http://environment.data.gov.uk/catchment-planning/ReasonsForNotAchievingGood/533655","Ammonia","Pollution from rural areas",""
"Dee","Dee","Worthenbury","Wych Brook","GB111067052230","River","2016","2","Moderate","Element","Ammonia (Phys-Chem)","Agriculture and rural land management","Probable","RFF","Agriculture - Livestock","Diffuse source","Probable","Poor nutrient management","Probable","","","533658","http://environment.data.gov.uk/catchment-planning/ReasonsForNotAchievingGood/533658","Ammonia","",""
"Dee","Dee","Dee Lower Chester Weir to Ceiriog","Aldford Brook","GB111067052120","River","2014","2","Poor","Element","Phosphate","Agriculture and rural land management","Probable","RFF","Agriculture - Livestock","Diffuse source","Probable","Livestock","Probable","","","489389","http://environment.data.gov.uk/catchment-planning/ReasonsForNotAchievingGood/489389","Phosphate","Pollution from rural areas",""
"Dee","Dee","Dee Lower Chester Weir to Ceiriog","Aldford Brook","GB111067052120","River","2014","2","Poor","Element","Phosphate","Water Industry","Confirmed","RFF","Not applicable","Point source","Confirmed","Sewage discharge (continuous)","Confirmed","","","489387","http://environment.data.gov.uk/catchment-planning/ReasonsForNotAchievingGood/489387","Phosphate","Pollution from waste water",""
"Dee","Dee","Dee Lower Chester Weir to Ceiriog","Aldford Brook","GB111067052120","River","2016","2","Supports Good","Element","Hydrological Regime","Water Industry","Probable","RFF","Water supply","Flow","Probable","Groundwater abstraction","Probable","","","528846","http://environment.data.gov.uk/catchment-planning/ReasonsForNotAchievingGood/528846","Abstraction and flow","Changes to the natural flow and levels of water",""
"Dee","Dee","Dee Lower Chester Weir to Ceiriog","Aldford Brook","GB111067052120","River","2016","2","Moderate","Element","Ammonia (Phys-Chem)","Agriculture and rural land management","Suspected","RFF","Agriculture - Livestock","Diffuse source","Suspected","Livestock","Suspected","","","530036","http://environment.data.gov.uk/catchment-planning/ReasonsForNotAchievingGood/530036","Ammonia","Pollution from rural areas",""
"Dee","Dee","Dee Lower Chester Weir to Ceiriog","Aldford Brook","GB111067052120","River","2014","2","Poor","Element","Phosphate","Agriculture and rural land management","Probable","RFF","Agriculture - Arable","Diffuse source","Probable","Poor nutrient management","Probable","","","533606","http://environment.data.gov.uk/catchment-planning/ReasonsForNotAchievingGood/533606","Phosphate","",""
"Dee","Dee","Dee Lower Chester Weir to Ceiriog","Aldford Brook","GB111067052120","River","2015","2","Moderate","Element","Biochemical Oxygen Demand (BOD)","Water Industry","Probable","RFF","Water supply","Flow","Probable","Groundwater abstraction","Probable","","","532107","http://environment.data.gov.uk/catchment-planning/ReasonsForNotAchievingGood/532107","Biochemical Oxygen Demand (BOD)","Changes to the natural flow and levels of water",""
"Dee","Dee","Dee Lower Chester Weir to Ceiriog","Aldford Brook","GB111067052120","River","2016","2","Moderate","Element","Ammonia (Phys-Chem)","Agriculture and rural land management","Probable","RFF","Agriculture - Arable","Diffuse source","Probable","Poor soil management","Probable","","","533607","http://environment.data.gov.uk/catchment-planning/ReasonsForNotAchievingGood/533607","Ammonia","",""
"Dee","Dee","Dee Lower Chester Weir to Ceiriog","Aldford Brook","GB111067052120","River","2016","2","Moderate","Element","Ammonia (Phys-Chem)","Water Industry","Suspected","RFF","Waste water treatment","Point source","Confirmed","Sewage discharge (continuous)","Suspected","","","532106","http://environment.data.gov.uk/catchment-planning/ReasonsForNotAchievingGood/532106","Ammonia","Pollution from waste water",""
"Dee","Dee","Dee Lower Chester Weir to Ceiriog","Aldford Brook","GB111067052120","River","2016","2","Moderate","Element","Ammonia (Phys-Chem)","Agriculture and rural land management","Probable","RFF","Agriculture - Livestock","Diffuse source","Probable","Riparian/in-river activities (inc bankside erosion)","Probable","","","533594","http://environment.data.gov.uk/catchment-planning/ReasonsForNotAchievingGood/533594","Ammonia","Pollution from rural areas",""
"Dee","Dee","Dee Lower Chester Weir to Ceiriog","Aldford Brook","GB111067052120","River","2014","2","Poor","Element","Phosphate","Agriculture and rural land management","Probable","RFF","Agriculture - Arable","Diffuse source","Probable","Poor soil management","Probable","","","533608","http://environment.data.gov.uk/catchment-planning/ReasonsForNotAchievingGood/533608","Phosphate","",""
"Dee","Dee","Dee Lower Chester Weir to Ceiriog","Aldford Brook","GB111067052120","River","2014","2","Poor","Element","Phosphate","Agriculture and rural land management","Probable","RFF","Agriculture - Livestock","Diffuse source","Probable","Riparian/in-river activities (inc bankside erosion)","Probable","","","533595","http://environment.data.gov.uk/catchment-planning/ReasonsForNotAchievingGood/533595","Phosphate","Pollution from rural areas",""
"Dee","Dee","Dee Lower Chester Weir to Ceiriog","Aldford Brook","GB111067052120","River","2014","2","Poor","Element","Phosphate","Agriculture and rural land management","Probable","RFF","Agriculture - Livestock","Diffuse source","Probable","Poor soil management","Probable","","","533599","http://environment.data.gov.uk/catchment-planning/ReasonsForNotAchievingGood/533599","Phosphate","",""
"Dee","Dee","Dee Lower Chester Weir to Ceiriog","Aldford Brook","GB111067052120","River","2014","2","Poor","Element","Phosphate","Water Industry","Probable","RFF","Water supply","Flow","Probable","Groundwater abstraction","Probable","","","532108","http://environment.data.gov.uk/catchment-planning/ReasonsForNotAchievingGood/532108","Phosphate","Changes to the natural flow and levels of water",""
"Dee","Dee","Dee Lower Chester Weir to Ceiriog","Aldford Brook","GB111067052120","River","2014","2","Poor","Element","Phosphate","Agriculture and rural land management","Suspected","RFF","Agriculture - Arable","Diffuse source","Suspected","Poor pesticide management","Suspected","","","533614","http://environment.data.gov.uk/catchment-planning/ReasonsForNotAchievingGood/533614","Phosphate","",""
"Dee","Dee","Dee Lower Chester Weir to Ceiriog","Aldford Brook","GB111067052120","River","2014","2","Poor","Element","Phosphate","Agriculture and rural land management","Probable","RFF","Agriculture - Livestock","Diffuse source","Probable","Poor nutrient management","Probable","","","533597","http://environment.data.gov.uk/catchment-planning/ReasonsForNotAchievingGood/533597","Phosphate","",""
"Dee","Dee","Dee Lower Chester Weir to Ceiriog","Aldford Brook","GB111067052120","River","2014","2","Poor","Element","Phosphate","Domestic General Public","Suspected","RFF","Domestic/General public","Point source","Probable","Private Sewage Treatment","Probable","","","533602","http://environment.data.gov.uk/catchment-planning/ReasonsForNotAchievingGood/533602","Phosphate","Pollution from waste water",""
"Dee","Dee","Dee Lower Chester Weir to Ceiriog","Aldford Brook","GB111067052120","River","2014","2","Poor","Element","Phosphate","Agriculture and rural land management","Probable","RFF","Agriculture - Livestock","Point source","Probable","Farm/site infrastructure","Probable","","","533591","http://environment.data.gov.uk/catchment-planning/ReasonsForNotAchievingGood/533591","Phosphate","",""
"Dee","Dee","Dee Lower Chester Weir to Ceiriog","Aldford Brook","GB111067052120","River","2016","2","Moderate","Element","Ammonia (Phys-Chem)","Agriculture and rural land management","Probable","RFF","Agriculture - Livestock","Diffuse source","Probable","Poor nutrient management","Probable","","","533596","http://environment.data.gov.uk/catchment-planning/ReasonsForNotAchievingGood/533596","Ammonia","",""
"Dee","Dee","Dee Lower Chester Weir to Ceiriog","Aldford Brook","GB111067052120","River","2016","2","Moderate","Element","Ammonia (Phys-Chem)","Agriculture and rural land management","Probable","RFF","Agriculture - Livestock","Diffuse source","Probable","Poor soil management","Probable","","","533598","http://environment.data.gov.uk/catchment-planning/ReasonsForNotAchievingGood/533598","Ammonia","",""
"Dee","Dee","Dee Lower Chester Weir to Ceiriog","Aldford Brook","GB111067052120","River","2016","2","Supports Good","Element","Hydrological Regime","No sector responsible","Not applicable","RFF","Not applicable","At Risk of Deterioration (RFD only)","Suspected","Not applicable","Not applicable","","","533615","http://environment.data.gov.uk/catchment-planning/ReasonsForNotAchievingGood/533615","Abstraction and flow","",""
"Dee","Dee","Dee Lower Chester Weir to Ceiriog","Aldford Brook","GB111067052120","River","2016","2","Moderate","Element","Ammonia (Phys-Chem)","Water Industry","Suspected","RFF","Water supply","Flow","Suspected","Groundwater abstraction","Suspected","","","530037","http://environment.data.gov.uk/catchment-planning/ReasonsForNotAchievingGood/530037","Ammonia","Changes to the natural flow and levels of water",""
"Dee","Dee","Dee Lower Chester Weir to Ceiriog","Aldford Brook","GB111067052120","River","2016","2","Moderate","Element","Ammonia (Phys-Chem)","Agriculture and rural land management","Suspected","RFD","Not applicable","Diffuse source","Suspected","Other (not in list, must add details in comments)","Suspected","","","530038","http://environment.data.gov.uk/catchment-planning/ReasonsForNotAchievingGood/530038","Ammonia","Other pressures",""
"Dee","Dee","Dee Lower Chester Weir to Ceiriog","Aldford Brook","GB111067052120","River","2016","2","Moderate","Element","Ammonia (Phys-Chem)","Agriculture and rural land management","Probable","RFF","Agriculture - Livestock","Point source","Probable","Farm/site infrastructure","Probable","","","533590","http://environment.data.gov.uk/catchment-planning/ReasonsForNotAchievingGood/533590","Ammonia","",""
"Dee","Dee","Dee Lower Chester Weir to Ceiriog","Aldford Brook","GB111067052120","River","2016","2","Moderate","Element","Ammonia (Phys-Chem)","Agriculture and rural land management","Probable","RFF","Agriculture - Arable","Diffuse source","Probable","Poor nutrient management","Probable","","","533605","http://environment.data.gov.uk/catchment-planning/ReasonsForNotAchievingGood/533605","Ammonia","",""
"Dee","Dee","Dee Lower Chester Weir to Ceiriog","Henlake Brook","GB111067052140","River","2014","2","Poor","Element","Phosphate","Agriculture and rural land management","Probable","RFF","Agriculture - Livestock","Diffuse source","Probable","Livestock","Probable","","","489392","http://environment.data.gov.uk/catchment-planning/ReasonsForNotAchievingGood/489392","Phosphate","Pollution from rural areas",""
"Dee","Dee","Dee Lower Chester Weir to Ceiriog","Henlake Brook","GB111067052140","River","2015","2","Moderate","Element","Invertebrates","Agriculture and rural land management","Probable","RFF","Agriculture - Livestock","Diffuse source","Probable","Livestock","Probable","Other (not in list)","Not applicable","533699","http://environment.data.gov.uk/catchment-planning/ReasonsForNotAchievingGood/533699","Other","Pollution from rural areas",""
"Dee","Dee","Dee Lower Chester Weir to Ceiriog","Henlake Brook","GB111067052140","River","2015","2","Moderate","Element","Invertebrates","Agriculture and rural land management","Probable","RFF","Agriculture - Livestock","Diffuse source","Probable","Riparian/in-river activities (inc bankside erosion)","Probable","Other (not in list)","Not applicable","533701","http://environment.data.gov.uk/catchment-planning/ReasonsForNotAchievingGood/533701","Other","Pollution from rural areas",""
"Dee","Dee","Dee Lower Chester Weir to Ceiriog","Henlake Brook","GB111067052140","River","2014","2","Poor","Element","Phosphate","Agriculture and rural land management","Probable","RFF","Agriculture - Livestock","Diffuse source","Probable","Riparian/in-river activities (inc bankside erosion)","Probable","","","533702","http://environment.data.gov.uk/catchment-planning/ReasonsForNotAchievingGood/533702","Phosphate","Pollution from rural areas",""
"Dee","Dee","Dee Lower Chester Weir to Ceiriog","Henlake Brook","GB111067052140","River","2015","2","Moderate","Element","Invertebrates","Agriculture and rural land management","Probable","RFF","Agriculture - Livestock","Diffuse source","Probable","Poor nutrient management","Probable","Other (not in list)","Not applicable","533703","http://environment.data.gov.uk/catchment-planning/ReasonsForNotAchievingGood/533703","Other","",""
"Dee","Dee","Dee Lower Chester Weir to Ceiriog","Henlake Brook","GB111067052140","River","2014","2","Poor","Element","Phosphate","Agriculture and rural land management","Probable","RFF","Agriculture - Livestock","Diffuse source","Probable","Poor nutrient management","Probable","","","533704","http://environment.data.gov.uk/catchment-planning/ReasonsForNotAchievingGood/533704","Phosphate","",""
"Dee","Dee","Dee Lower Chester Weir to Ceiriog","Henlake Brook","GB111067052140","River","2015","2","Moderate","Element","Invertebrates","Agriculture and rural land management","Probable","RFF","Agriculture - Livestock","Diffuse source","Probable","Poor soil management","Probable","Other (not in list)","Not applicable","533705","http://environment.data.gov.uk/catchment-planning/ReasonsForNotAchievingGood/533705","Other","",""
"Dee","Dee","Dee Lower Chester Weir to Ceiriog","Henlake Brook","GB111067052140","River","2014","2","Poor","Element","Phosphate","Agriculture and rural land management","Probable","RFF","Agriculture - Livestock","Diffuse source","Probable","Poor soil management","Probable","","","533706","http://environment.data.gov.uk/catchment-planning/ReasonsForNotAchievingGood/533706","Phosphate","",""
"Dee","Dee","Dee Lower Chester Weir to Ceiriog","Henlake Brook","GB111067052140","River","2015","2","Moderate","Element","Invertebrates","Agriculture and rural land management","Probable","RFF","Agriculture - Livestock","Point source","Probable","Farm/site infrastructure","Probable","Other (not in list)","Not applicable","533707","http://environment.data.gov.uk/catchment-planning/ReasonsForNotAchievingGood/533707","Other","",""
"Dee","Dee","Dee Lower Chester Weir to Ceiriog","Henlake Brook","GB111067052140","River","2014","2","Poor","Element","Phosphate","Agriculture and rural land management","Probable","RFF","Agriculture - Livestock","Point source","Probable","Farm/site infrastructure","Probable","","","533708","http://environment.data.gov.uk/catchment-planning/ReasonsForNotAchievingGood/533708","Phosphate","",""